<?xml version="1.0" encoding="UTF-8" standalone="yes"?>
<addon id="repository.ix4" name="iX4 Repo" version="0.0.1" provider-name="iX4">
	<extension point="xbmc.addon.repository" name="iX4 Repo">
		<dir>
		        <info compressed="false">https://raw.githubusercontent.com/I-A-C/zips/master/addons.xml</info>
		        <checksum>https://raw.githubusercontent.com/I-A-C/zips/master/addons.xml.md5</checksum>
		        <datadir zip="true">https://raw.githubusercontent.com/I-A-C/zips/master/</datadir>
		</dir>
		<dir>
			<info compressed="false">https://raw.githubusercontent.com/kodil/kodil/master/addons.xml</info>
			<checksum>https://raw.githubusercontent.com/kodil/kodil/master/addons.xml.md5</checksum>
			<datadir zip="true">https://raw.githubusercontent.com/kodil/kodil/master/repo</datadir>
		</dir>
		<dir>
			<info compressed="false">https://raw.githubusercontent.com/kodibae/repository.kodibae/master/addons.xml</info>
			<checksum>https://raw.githubusercontent.com/kodibae/repository.kodibae/master/addons.xml.md5</checksum>
			<datadir zip="true">https://raw.githubusercontent.com/kodibae/repository.kodibae/master/</datadir>
		</dir>
		<dir>
			<info compressed="false">https://raw.githubusercontent.com/totalrevolution/python-koding/master/zips/addons.xml</info>
			<checksum>https://raw.githubusercontent.com/totalrevolution/python-koding/master/zips/addons.xml.md5</checksum>
			<datadir zip="true">https://raw.githubusercontent.com/totalrevolution/python-koding/master/zips/</datadir>
		</dir>
		<dir>
			<info compressed="false">https://raw.githubusercontent.com/jsergio123/zips/master/addons.xml</info>
			<checksum>https://raw.githubusercontent.com/jsergio123/zips/master/addons.xml.md5</checksum>
			<datadir zip="true">https://raw.githubusercontent.com/jsergio123/zips/master/</datadir>
		</dir>

    		<dir>
			<info compressed="false">https://github.com/tvaddonsco/tva-resolvers-repo/raw/master/addons.xml</info>
			<checksum>https://github.com/tvaddonsco/tva-resolvers-repo/raw/master/addons.xml.md5</checksum>
			<datadir zip="true">https://github.com/tvaddonsco/tva-resolvers-repo/raw/master/zips/</datadir>
		</dir>

		<dir>
			<info compressed="false">https://github.com/nrwzum/freelance/raw/master/fun-stuff/addons.xml</info>
			<checksum>https://github.com/nrwzum/freelance/raw/master/fun-stuff/addons.xml.md5</checksum>
			<datadir zip="true">https://github.com/nrwzum/freelance/raw/master/fun-stuff/</datadir>
		</dir>
		<dir>
			<info compressed="false">https://github.com/bridgegirl/lonelycode/raw/master/puffpuffpass/addons.xml</info>
			<checksum>https://github.com/bridgegirl/lonelycode/raw/master/puffpuffpass/addons.xml.md5</checksum>
			<datadir zip="true">https://github.com/bridgegirl/lonelycode/raw/master/puffpuffpass/</datadir>
			</dir>
		<dir>
			<info compressed="false">https://github.com/bradonfire/winnerwinnerchickendinner/raw/master/reference-work/addons.xml</info>
			<checksum>https://github.com/bradonfire/winnerwinnerchickendinner/raw/master/reference-work/addons.xml.md5</checksum>
			<datadir zip="true">https://github.com/bradonfire/winnerwinnerchickendinner/raw/master/reference-work/</datadir>
		</dir>
		<dir>
			<info compressed="false">https://raw.githubusercontent.com/gentec1/oTTtv/master/addons.xml</info>
	        	<checksum>https://raw.githubusercontent.com/gentec1/oTTtv/master/addons.xml.md5</checksum>
	        	<datadir zip="true">https://raw.github.com/gentec1/oTTtv/master/</datadir>
		</dir>
		<dir>
			<info compressed="false">https://raw.githubusercontent.com/marcelveldt/repository.marcelveldt/master/addons.xml</info>
			<checksum>https://raw.githubusercontent.com/marcelveldt/repository.marcelveldt/master/addons.xml.md5</checksum>
			<datadir zip="true">https://raw.githubusercontent.com/marcelveldt/repository.marcelveldt/master/</datadir>
		</dir>
		<dir>
			<info compressed="false">http://gen-tec.co/gentecwiz/NEW%20REPO%20FOR%20GENTEC%20WIZARD/Repo/addons.xml</info>
			<checksum>http://gen-tec.co/gentecwiz/NEW%20REPO%20FOR%20GENTEC%20WIZARD/Repo/addons.xml.md5</checksum>
			<datadir zip="true">http://gen-tec.co/gentecwiz/NEW%20REPO%20FOR%20GENTEC%20WIZARD/Repo/</datadir>
		</dir>
		<dir>
			<info compressed="false">https://raw.githubusercontent.com/teamuniversal/scrapers/master/_modules4all/zips/addons.xml</info>
			<checksum>https://raw.githubusercontent.com/teamuniversal/scrapers/master/_modules4all/zips/addons.xml.md5</checksum>
			<datadir zip="true">https://raw.githubusercontent.com/teamuniversal/scrapers/master/_modules4all/zips/</datadir>
		</dir> 

	</extension>
	<extension point="xbmc.addon.metadata">
		<summary lang="en">iX4 Repo is an All-in-One Repo that links to other repos. We do not host any of the contents streamed.</summary>
		<description lang="en"></description>
		<platform>all</platform>
	</extension>
</addon>
